[
    {
        "name": [
            "Naciones Unidas",
            "United Nations"
        ],
        "flag": "游쥟릖"
    },
    {
        "name": [
            "Afganist치n",
            "Afghanistan"
        ],
        "flag": "游뷣릖"
    },
    {
        "name": [
            "칀land"
        ],
        "flag": "游뷣릖"
    },
    {
        "name": [
            "Albania"
        ],
        "flag": "游뷣릖"
    },
    {
        "name": [
            "Argelia",
            "Algeria"
        ],
        "flag": "游뾇릖"
    },
    {
        "name": [
            "Samoa Americana",
            "American Samoa"
        ],
        "flag": "游뷣릖"
    },
    {
        "name": [
            "Andorra"
        ],
        "flag": "游뷣릖"
    },
    {
        "name": [
            "Angola"
        ],
        "flag": "游뷣릖"
    },
    {
        "name": [
            "Anguila",
            "Anguilla"
        ],
        "flag": "游뷣릖"
    },
    {
        "name": [
            "Ant치rtida",
            "Antarctica"
        ],
        "flag": "游뷣릖"
    },
    {
        "name": [
            "Antigua y Barbuda",
            "Antigua and Barbuda"
        ],
        "flag": "游뷣릖"
    },
    {
        "name": [
            "Argentina"
        ],
        "flag": "游뷣릖"
    },
    {
        "name": [
            "Armenia"
        ],
        "flag": "游뷣릖"
    },
    {
        "name": [
            "Aruba"
        ],
        "flag": "游뷣릖"
    },
    {
        "name": [
            "Australia"
        ],
        "flag": "游뷣릖"
    },
    {
        "name": [
            "Austria"
        ],
        "flag": "游뷣릖"
    },
    {
        "name": [
            "Azerbaiy치n",
            "Azerbaijan"
        ],
        "flag": "游뷣릖"
    },
    {
        "name": [
            "Bahamas"
        ],
        "flag": "游游"
    },
    {
        "name": [
            "Bar칠in",
            "Bahrain"
        ],
        "flag": "游游"
    },
    {
        "name": [
            "Banglad칠s",
            "Bangladesh"
        ],
        "flag": "游游"
    },
    {
        "name": [
            "Barbados"
        ],
        "flag": "游游"
    },
    {
        "name": [
            "Bielorrusia",
            "Belarus"
        ],
        "flag": "游游"
    },
    {
        "name": [
            "B칠lgica",
            "Belgium"
        ],
        "flag": "游游"
    },
    {
        "name": [
            "Belice",
            "Belize"
        ],
        "flag": "游游"
    },
    {
        "name": [
            "Ben칤n",
            "Benin"
        ],
        "flag": "游游"
    },
    {
        "name": [
            "Bermudas",
            "Bermuda"
        ],
        "flag": "游游"
    },
    {
        "name": [
            "But치n",
            "Bhutan"
        ],
        "flag": "游游"
    },
    {
        "name": [
            "Bolivia"
        ],
        "flag": "游游"
    },
    {
        "name": [
            "Bosnia y Herzegovina",
            "Bosnia and Herzegovina"
        ],
        "flag": "游游"
    },
    {
        "name": [
            "Botsuana",
            "Botswana"
        ],
        "flag": "游游"
    },
    {
        "name": [
            "Brasil",
            "Brazil"
        ],
        "flag": "游游"
    },
    {
        "name": [
            "Islas V칤rgenes Brit치nicas",
            "British Virgin Islands"
        ],
        "flag": "游游"
    },
    {
        "name": [
            "Brun칠i",
            "Brunei"
        ],
        "flag": "游游"
    },
    {
        "name": [
            "Bulgaria"
        ],
        "flag": "游游"
    },
    {
        "name": [
            "Burkina Faso"
        ],
        "flag": "游游"
    },
    {
        "name": [
            "Burundi"
        ],
        "flag": "游游"
    },
    {
        "name": [
            "Camboya",
            "Cambodia"
        ],
        "flag": "游썷릖"
    },
    {
        "name": [
            "Camer칰n",
            "Cameroon"
        ],
        "flag": "游뻟릖"
    },
    {
        "name": [
            "Canad치",
            "Canada"
        ],
        "flag": "游뻟릖"
    },
    {
        "name": [
            "Islas Canarias",
            "Canary Islands"
        ],
        "flag": "游쉻릖"
    },
    {
        "name": [
            "Cabo Verde",
            "Cape Verde"
        ],
        "flag": "游뻟릖"
    },
    {
        "name": [
            "Bonaire",
            "Caribbean Netherlands"
        ],
        "flag": "游游"
    },
    {
        "name": [
            "Islas Caim치n",
            "Cayman Islands"
        ],
        "flag": "游썷릖"
    },
    {
        "name": [
            "Rep칰blica Centroafricana",
            "Central African Republic"
        ],
        "flag": "游뻟릖"
    },
    {
        "name": [
            "Chad"
        ],
        "flag": "游좷릖"
    },
    {
        "name": [
            "Territorio Brit치nico del Oc칠ano 칈ndico",
            "British Indian Ocean Territory"
        ],
        "flag": "游쉻릖"
    },
    {
        "name": [
            "Chile"
        ],
        "flag": "游뻟릖"
    },
    {
        "name": [
            "China"
        ],
        "flag": "游뻟릖"
    },
    {
        "name": [
            "Isla de Navidad",
            "Christmas Island"
        ],
        "flag": "游뻟릖"
    },
    {
        "name": [
            "Islas Cocos",
            "Cocos Islands"
        ],
        "flag": "游뻟릖"
    },
    {
        "name": [
            "Colombia"
        ],
        "flag": "游뻟릖"
    },
    {
        "name": [
            "Comoras",
            "Comoros"
        ],
        "flag": "游썷릖"
    },
    {
        "name": [
            "Congo (Brazzaville)",
            "Congo"
        ],
        "flag": "游뻟릖"
    },
    {
        "name": [
            "Congo (Kinshasa)",
            "Democratic Republic of the Congo"
        ],
        "flag": "游뻟릖"
    },
    {
        "name": [
            "Islas Cook",
            "Cook Islands"
        ],
        "flag": "游뻟릖"
    },
    {
        "name": [
            "Costa Rica"
        ],
        "flag": "游뻟릖"
    },
    {
        "name": [
            "Costa de Marfil",
            "Ivory Coast"
        ],
        "flag": "游뻟릖"
    },
    {
        "name": [
            "Croacia",
            "Croatia"
        ],
        "flag": "游쇓릖"
    },
    {
        "name": [
            "Cuba"
        ],
        "flag": "游뻟릖"
    },
    {
        "name": [
            "Curazao",
            "Cura칞ao"
        ],
        "flag": "游뻟릖"
    },
    {
        "name": [
            "Chipre",
            "Cyprus"
        ],
        "flag": "游뻟릖"
    },
    {
        "name": [
            "Chequia",
            "Czech Republic"
        ],
        "flag": "游뻟릖"
    },
    {
        "name": [
            "Dinamarca",
            "Denmark"
        ],
        "flag": "游뾇릖"
    },
    {
        "name": [
            "Yibuti",
            "Djibouti"
        ],
        "flag": "游뾇릖"
    },
    {
        "name": [
            "Dominica"
        ],
        "flag": "游뾇릖"
    },
    {
        "name": [
            "Rep칰blica Dominicana",
            "Dominican Republic"
        ],
        "flag": "游뾇릖"
    },
    {
        "name": [
            "Ecuador"
        ],
        "flag": "游쀯릖"
    },
    {
        "name": [
            "Egipto",
            "Egypt"
        ],
        "flag": "游쀯릖"
    },
    {
        "name": [
            "El Salvador"
        ],
        "flag": "游젏릖"
    },
    {
        "name": [
            "Guinea Ecuatorial",
            "Equatorial Guinea"
        ],
        "flag": "游섫릖"
    },
    {
        "name": [
            "Eritrea"
        ],
        "flag": "游쀯릖"
    },
    {
        "name": [
            "Estonia"
        ],
        "flag": "游쀯릖"
    },
    {
        "name": [
            "Esuatini",
            "Eswatini"
        ],
        "flag": "游젏릖"
    },
    {
        "name": [
            "Etiop칤a",
            "Ethiopia"
        ],
        "flag": "游쀯릖"
    },
    {
        "name": [
            "Uni칩n Europea",
            "European Union"
        ],
        "flag": "游쀯릖"
    },
    {
        "name": [
            "Islas Malvinas",
            "Falkland Islands"
        ],
        "flag": "游游"
    },
    {
        "name": [
            "Islas Feroe",
            "Faroe Islands"
        ],
        "flag": "游游"
    },
    {
        "name": [
            "Fiyi",
            "Fiji"
        ],
        "flag": "游游"
    },
    {
        "name": [
            "Finlandia",
            "Finland"
        ],
        "flag": "游游"
    },
    {
        "name": [
            "Francia",
            "France"
        ],
        "flag": "游游"
    },
    {
        "name": [
            "Guayana Francesa",
            "French Guiana"
        ],
        "flag": "游섫릖"
    },
    {
        "name": [
            "Polinesia Francesa",
            "French Polynesia"
        ],
        "flag": "游왫릖"
    },
    {
        "name": [
            "Territorios Australes Franceses",
            "French Southern Territories"
        ],
        "flag": "游좷릖"
    },
    {
        "name": [
            "Gab칩n",
            "Gabon"
        ],
        "flag": "游섫릖"
    },
    {
        "name": [
            "Gambia"
        ],
        "flag": "游섫릖"
    },
    {
        "name": [
            "Georgia"
        ],
        "flag": "游섫릖"
    },
    {
        "name": [
            "Alemania",
            "Germany"
        ],
        "flag": "游뾇릖"
    },
    {
        "name": [
            "Ghana"
        ],
        "flag": "游섫릖"
    },
    {
        "name": [
            "Gibraltar"
        ],
        "flag": "游섫릖"
    },
    {
        "name": [
            "Grecia",
            "Greece"
        ],
        "flag": "游섫릖"
    },
    {
        "name": [
            "Groenlandia",
            "Greenland"
        ],
        "flag": "游섫릖"
    },
    {
        "name": [
            "Granada",
            "Grenada"
        ],
        "flag": "游섫릖"
    },
    {
        "name": [
            "Guadalupe",
            "Guadeloupe"
        ],
        "flag": "游섫릖"
    },
    {
        "name": [
            "Guam"
        ],
        "flag": "游섫릖"
    },
    {
        "name": [
            "Guatemala"
        ],
        "flag": "游섫릖"
    },
    {
        "name": [
            "Guernsey"
        ],
        "flag": "游섫릖"
    },
    {
        "name": [
            "Guinea"
        ],
        "flag": "游섫릖"
    },
    {
        "name": [
            "Guinea-Bis치u",
            "Guinea-Bissau"
        ],
        "flag": "游섫릖"
    },
    {
        "name": [
            "Guyana"
        ],
        "flag": "游섫릖"
    },
    {
        "name": [
            "Hait칤",
            "Haiti"
        ],
        "flag": "游쇓릖"
    },
    {
        "name": [
            "Honduras"
        ],
        "flag": "游쇓릖"
    },
    {
        "name": [
            "Hong Kong"
        ],
        "flag": "游쇓릖"
    },
    {
        "name": [
            "Hungr칤a",
            "Hungary"
        ],
        "flag": "游쇓릖"
    },
    {
        "name": [
            "Islandia",
            "Iceland"
        ],
        "flag": "游쉻릖"
    },
    {
        "name": [
            "India"
        ],
        "flag": "游쉻릖"
    },
    {
        "name": [
            "Indonesia"
        ],
        "flag": "游쉻릖"
    },
    {
        "name": [
            "Ir치n",
            "Iran"
        ],
        "flag": "游쉻릖"
    },
    {
        "name": [
            "Irak",
            "Iraq"
        ],
        "flag": "游쉻릖"
    },
    {
        "name": [
            "Irlanda",
            "Ireland"
        ],
        "flag": "游쉻릖"
    },
    {
        "name": [
            "Isla de Man",
            "Isle of Man"
        ],
        "flag": "游쉻릖"
    },
    {
        "name": [
            "Israel"
        ],
        "flag": "游쉻릖"
    },
    {
        "name": [
            "Italia",
            "Italy"
        ],
        "flag": "游쉻릖"
    },
    {
        "name": [
            "Jamaica"
        ],
        "flag": "游游"
    },
    {
        "name": [
            "Jap칩n",
            "Japan"
        ],
        "flag": "游游"
    },
    {
        "name": [
            "Bandera de Jap칩n",
            "Japanese Flag"
        ],
        "flag": "游꿃"
    },
    {
        "name": [
            "Jersey"
        ],
        "flag": "游游"
    },
    {
        "name": [
            "Jordania",
            "Jordan"
        ],
        "flag": "游游"
    },
    {
        "name": [
            "Kazajist치n",
            "Kazakhstan"
        ],
        "flag": "游썷릖"
    },
    {
        "name": [
            "Kenia",
            "Kenya"
        ],
        "flag": "游썷릖"
    },
    {
        "name": [
            "Kiribati"
        ],
        "flag": "游썷릖"
    },
    {
        "name": [
            "Kosovo"
        ],
        "flag": "游쬃릖"
    },
    {
        "name": [
            "Kuwait"
        ],
        "flag": "游썷릖"
    },
    {
        "name": [
            "Kirguist치n",
            "Kyrgyzstan"
        ],
        "flag": "游썷릖"
    },
    {
        "name": [
            "Laos"
        ],
        "flag": "游쐟릖"
    },
    {
        "name": [
            "Letonia",
            "Latvia"
        ],
        "flag": "游쐟릖"
    },
    {
        "name": [
            "L칤bano",
            "Lebanon"
        ],
        "flag": "游쐟릖"
    },
    {
        "name": [
            "Lesoto",
            "Lesotho"
        ],
        "flag": "游쐟릖"
    },
    {
        "name": [
            "Liberia"
        ],
        "flag": "游쐟릖"
    },
    {
        "name": [
            "Libia",
            "Libya"
        ],
        "flag": "游쐟릖"
    },
    {
        "name": [
            "Liechtenstein"
        ],
        "flag": "游쐟릖"
    },
    {
        "name": [
            "Lituania",
            "Lithuania"
        ],
        "flag": "游쐟릖"
    },
    {
        "name": [
            "Luxemburgo",
            "Luxembourg"
        ],
        "flag": "游쐟릖"
    },
    {
        "name": [
            "Macao",
            "Macau"
        ],
        "flag": "游쓇릖"
    },
    {
        "name": [
            "Madagascar"
        ],
        "flag": "游쓇릖"
    },
    {
        "name": [
            "Malaui",
            "Malawi"
        ],
        "flag": "游쓇릖"
    },
    {
        "name": [
            "Malasia",
            "Malaysia"
        ],
        "flag": "游쓇릖"
    },
    {
        "name": [
            "Maldivas",
            "Maldives"
        ],
        "flag": "游쓇릖"
    },
    {
        "name": [
            "Mal칤",
            "Mali"
        ],
        "flag": "游쓇릖"
    },
    {
        "name": [
            "Malta"
        ],
        "flag": "游쓇릖"
    },
    {
        "name": [
            "Islas Marshall",
            "Marshall Islands"
        ],
        "flag": "游쓇릖"
    },
    {
        "name": [
            "Martinica",
            "Martinique"
        ],
        "flag": "游쓇릖"
    },
    {
        "name": [
            "Mauritania"
        ],
        "flag": "游쓇릖"
    },
    {
        "name": [
            "Mauricio",
            "Mauritius"
        ],
        "flag": "游쓇릖"
    },
    {
        "name": [
            "Mayotte"
        ],
        "flag": "游쮫릖"
    },
    {
        "name": [
            "M칠xico",
            "Mexico"
        ],
        "flag": "游쓇릖"
    },
    {
        "name": [
            "Micronesia"
        ],
        "flag": "游游"
    },
    {
        "name": [
            "Moldavia",
            "Moldova"
        ],
        "flag": "游쓇릖"
    },
    {
        "name": [
            "M칩naco",
            "Monaco"
        ],
        "flag": "游쓇릖"
    },
    {
        "name": [
            "Mongolia"
        ],
        "flag": "游쓇릖"
    },
    {
        "name": [
            "Montenegro"
        ],
        "flag": "游쓇릖"
    },
    {
        "name": [
            "Montserrat"
        ],
        "flag": "游쓇릖"
    },
    {
        "name": [
            "Marruecos",
            "Morocco"
        ],
        "flag": "游쓇릖"
    },
    {
        "name": [
            "Mozambique"
        ],
        "flag": "游쓇릖"
    },
    {
        "name": [
            "Birmania",
            "Myanmar"
        ],
        "flag": "游쓇릖"
    },
    {
        "name": [
            "Namibia"
        ],
        "flag": "游游"
    },
    {
        "name": [
            "Nauru"
        ],
        "flag": "游游"
    },
    {
        "name": [
            "Nepal"
        ],
        "flag": "游游"
    },
    {
        "name": [
            "Pa칤ses Bajos",
            "Netherlands"
        ],
        "flag": "游游"
    },
    {
        "name": [
            "Nueva Caledonia",
            "New Caledonia"
        ],
        "flag": "游游"
    },
    {
        "name": [
            "Nueva Zelanda",
            "New Zealand"
        ],
        "flag": "游游"
    },
    {
        "name": [
            "Nicaragua"
        ],
        "flag": "游游"
    },
    {
        "name": [
            "N칤ger",
            "Niger"
        ],
        "flag": "游游"
    },
    {
        "name": [
            "Nigeria"
        ],
        "flag": "游游"
    },
    {
        "name": [
            "Niue"
        ],
        "flag": "游游"
    },
    {
        "name": [
            "Isla Norfolk",
            "Norfolk Island"
        ],
        "flag": "游游"
    },
    {
        "name": [
            "Corea del Norte",
            "North Korea"
        ],
        "flag": "游썷릖"
    },
    {
        "name": [
            "Macedonia del Norte",
            "North Macedonia"
        ],
        "flag": "游쓇릖"
    },
    {
        "name": [
            "Islas Marianas del Norte",
            "Northern Mariana Islands"
        ],
        "flag": "游쓇릖"
    },
    {
        "name": [
            "Noruega",
            "Norway"
        ],
        "flag": "游游"
    },
    {
        "name": [
            "Om치n",
            "Oman"
        ],
        "flag": "游엃릖"
    },
    {
        "name": [
            "Pakist치n",
            "Pakistan"
        ],
        "flag": "游왫릖"
    },
    {
        "name": [
            "Palaos",
            "Palau"
        ],
        "flag": "游왫릖"
    },
    {
        "name": [
            "Palestina",
            "Palestine"
        ],
        "flag": "游왫릖"
    },
    {
        "name": [
            "Panam치",
            "Panama"
        ],
        "flag": "游왫릖"
    },
    {
        "name": [
            "Pap칰a Nueva Guinea",
            "Papua New Guinea"
        ],
        "flag": "游왫릖"
    },
    {
        "name": [
            "Paraguay"
        ],
        "flag": "游왫릖"
    },
    {
        "name": [
            "Per칰",
            "Peru"
        ],
        "flag": "游왫릖"
    },
    {
        "name": [
            "Filipinas",
            "Philippines"
        ],
        "flag": "游왫릖"
    },
    {
        "name": [
            "Islas Pitcairn",
            "Pitcairn Islands"
        ],
        "flag": "游왫릖"
    },
    {
        "name": [
            "Polonia",
            "Poland"
        ],
        "flag": "游왫릖"
    },
    {
        "name": [
            "Portugal"
        ],
        "flag": "游왫릖"
    },
    {
        "name": [
            "Puerto Rico"
        ],
        "flag": "游왫릖"
    },
    {
        "name": [
            "Catar",
            "Qatar"
        ],
        "flag": "游윓릖"
    },
    {
        "name": [
            "Reuni칩n",
            "R칠union"
        ],
        "flag": "游游"
    },
    {
        "name": [
            "Ruman칤a",
            "Romania"
        ],
        "flag": "游游"
    },
    {
        "name": [
            "Rusia",
            "Russia"
        ],
        "flag": "游游"
    },
    {
        "name": [
            "Ruanda",
            "Rwanda"
        ],
        "flag": "游游"
    },
    {
        "name": [
            "Samoa"
        ],
        "flag": "游쩛릖"
    },
    {
        "name": [
            "San Marino"
        ],
        "flag": "游젏릖"
    },
    {
        "name": [
            "Santo Tom칠 y Pr칤ncipe",
            "S칚o Tom칠 and Pr칤ncipe"
        ],
        "flag": "游젏릖"
    },
    {
        "name": [
            "Arabia Saudita",
            "Saudi Arabia"
        ],
        "flag": "游젏릖"
    },
    {
        "name": [
            "Senegal"
        ],
        "flag": "游젏릖"
    },
    {
        "name": [
            "Serbia"
        ],
        "flag": "游游"
    },
    {
        "name": [
            "Seychelles"
        ],
        "flag": "游젏릖"
    },
    {
        "name": [
            "Sierra Leona",
            "Sierra Leone"
        ],
        "flag": "游젏릖"
    },
    {
        "name": [
            "Singapur",
            "Singapore"
        ],
        "flag": "游젏릖"
    },
    {
        "name": [
            "San Mart칤n",
            "Sint Maarten"
        ],
        "flag": "游젏릖"
    },
    {
        "name": [
            "Eslovaquia",
            "Slovakia"
        ],
        "flag": "游젏릖"
    },
    {
        "name": [
            "Eslovenia",
            "Slovenia"
        ],
        "flag": "游젏릖"
    },
    {
        "name": [
            "Islas Salom칩n",
            "Solomon Islands"
        ],
        "flag": "游젏릖"
    },
    {
        "name": [
            "Somalia"
        ],
        "flag": "游젏릖"
    },
    {
        "name": [
            "Sud치frica",
            "South Africa"
        ],
        "flag": "游游"
    },
    {
        "name": [
            "Corea del Sur",
            "South Korea"
        ],
        "flag": "游썷릖"
    },
    {
        "name": [
            "Sud치n del Sur",
            "South Sudan"
        ],
        "flag": "游젏릖"
    },
    {
        "name": [
            "Suecia",
            "Sweden"
        ],
        "flag": "游젏릖"
    },
    {
        "name": [
            "Suiza",
            "Switzerland"
        ],
        "flag": "游뻟릖"
    },
    {
        "name": [
            "Siria",
            "Syria"
        ],
        "flag": "游젏릖"
    },
    {
        "name": [
            "Taiw치n",
            "Taiwan"
        ],
        "flag": "游좷릖"
    },
    {
        "name": [
            "Tayikist치n",
            "Tajikistan"
        ],
        "flag": "游좷릖"
    },
    {
        "name": [
            "Tanzania"
        ],
        "flag": "游좷릖"
    },
    {
        "name": [
            "Tailandia",
            "Thailand"
        ],
        "flag": "游좷릖"
    },
    {
        "name": [
            "Timor Oriental",
            "Timor-Leste"
        ],
        "flag": "游좷릖"
    },
    {
        "name": [
            "Togo"
        ],
        "flag": "游좷릖"
    },
    {
        "name": [
            "Tokelau"
        ],
        "flag": "游좷릖"
    },
    {
        "name": [
            "Tonga"
        ],
        "flag": "游좷릖"
    },
    {
        "name": [
            "Trinidad y Tobago",
            "Trinidad and Tobago"
        ],
        "flag": "游좷릖"
    },
    {
        "name": [
            "T칰nez",
            "Tunisia"
        ],
        "flag": "游좷릖"
    },
    {
        "name": [
            "Turqu칤a",
            "Turkey"
        ],
        "flag": "游좷릖"
    },
    {
        "name": [
            "Turkmenist치n",
            "Turkmenistan"
        ],
        "flag": "游좷릖"
    },
    {
        "name": [
            "Islas Turcas y Caicos",
            "Turks and Caicos Islands"
        ],
        "flag": "游좷릖"
    },
    {
        "name": [
            "Tuvalu"
        ],
        "flag": "游좷릖"
    },
    {
        "name": [
            "Islas V칤rgenes de los Estados Unidos",
            "United States Virgin Islands"
        ],
        "flag": "游游"
    },
    {
        "name": [
            "Uganda"
        ],
        "flag": "游쥟릖"
    },
    {
        "name": [
            "Ucrania",
            "Ukraine"
        ],
        "flag": "游쥟릖"
    },
    {
        "name": [
            "Emiratos 츼rabes Unidos",
            "United Arab Emirates"
        ],
        "flag": "游뷣릖"
    },
    {
        "name": [
            "Reino Unido",
            "United Kingdom"
        ],
        "flag": "游섫릖"
    },
    {
        "name": [
            "Inglaterra",
            "England"
        ],
        "flag": "游낎"
    },
    {
        "name": [
            "Escocia",
            "Scotland"
        ],
        "flag": "游낎游낎"
    },
    {
        "name": [
            "Estados Unidos",
            "United States"
        ],
        "flag": "游쥟릖"
    },
    {
        "name": [
            "Uruguay"
        ],
        "flag": "游쥟릖"
    },
    {
        "name": [
            "Uzbekist치n",
            "Uzbekistan"
        ],
        "flag": "游쥟릖"
    },
    {
        "name": [
            "Vanuatu"
        ],
        "flag": "游游"
    },
    {
        "name": [
            "Ciudad del Vaticano",
            "Vatican City"
        ],
        "flag": "游游"
    },
    {
        "name": [
            "Venezuela"
        ],
        "flag": "游游"
    },
    {
        "name": [
            "Vietnam"
        ],
        "flag": "游游"
    },
    {
        "name": [
            "Wallis y Futuna",
            "Wallis and Futuna"
        ],
        "flag": "游쩛릖"
    },
    {
        "name": [
            "Sahara Occidental",
            "Western Sahara"
        ],
        "flag": "游쀯릖"
    },
    {
        "name": [
            "Yemen"
        ],
        "flag": "游쮫릖"
    },
    {
        "name": [
            "Zambia"
        ],
        "flag": "游游"
    },
    {
        "name": [
            "Zimbabue",
            "Zimbabwe"
        ],
        "flag": "游游"
    }
]